[{"id":"5be5884a7ab109472363c6cd","status":false,"age":27,"eye_color":"brown","first_name":"Mcconnell","last_name":"Branch","gender":"male","company":"ZYTREK","email":"TWNDb25uZWxsYnJhbmNoQHp5dHJlay5jb20=","phone":"+1 (879) 519-4000","address":"942 Ve**** Pl**** Le**** No*** Ca******* 15**","about":"Adipisicing irure est nisi dolore laboris ad. Id in irure voluptate est nulla anim duis. Exercitation eu deserunt ad velit. Veniam do qui magna non eu.\r\n","created":"2014-10-25 08:38:19","favorite_colour":"spotty"},{"id":"5be5884a331b2a63913cc695","status":true,"age":20,"eye_color":"brown","first_name":"Hodge","last_name":"Larson","gender":"male","company":"PUSHCART","email":"aG9kZ2VsYXJzb25AcHVzaGNhcnQuY29t","phone":"+1 (804) 543-2794","address":"814 Le**** St***** Wi******* Te******** 29*","about":"Et eu officia sunt et culpa nostrud occaecat exercitation esse ipsum. Incididunt est non Lorem id irure Lorem. Dolore aliquip nostrud sit magna consectetur minim voluptate officia laboris in.\r\n","created":"2016-05-19 06:19:55","favorite_colour":"spotty"},{"id":"5be5884a5f444efb29dca150","status":false,"age":21,"eye_color":"green","first_name":"Edwina","last_name":"Chang","gender":"female","company":"XOGGLE","email":"ZWR3aW5hY2hhbmdAeG9nZ2xlLmNvbQ==","phone":"+1 (962) 563-3343","address":"721 Bo******* Pl* Mu*** Pe*********** 82**","about":"Eu adipisicing enim elit proident incididunt quis do ea dolor magna occaecat voluptate. Occaecat non elit ipsum consectetur amet ad incididunt commodo Lorem. Cillum reprehenderit minim laborum aliquip consectetur labore. Deserunt do officia amet occaecat cupidatat nulla enim fugiat qui minim non incididunt. Labore minim culpa ipsum incididunt reprehenderit sint.\r\n","created":"2016-06-17 02:42:13","favorite_colour":"yellow"},{"id":"5be5884a93bd2c10cb866644","status":false,"age":20,"eye_color":"brown","first_name":"Celia","last_name":"Parrish","gender":"female","company":"INSURETY","email":"Y2VsaWFwYXJyaXNoQGluc3VyZXR5LmNvbQ==","phone":"+1 (973) 569-2727","address":"469 De******* Av***** It***** Co******* 10**","about":"Culpa do excepteur voluptate do ipsum. Sint officia eiusmod id commodo id. Incididunt cupidatat officia tempor anim. Cillum aliqua Lorem veniam voluptate.\r\n","created":"2016-10-15 04:51:51","favorite_colour":"yellow"}]